{
  "train_loss": [
    0.14755068244892813,
    0.12074006023741869,
    0.14896684293653661,
    0.10207287163305404
  ],
  "train_recon": [
    0.13790860063347024,
    0.11443008146602413,
    0.10678330615694842,
    0.10154085772651393
  ],
  "train_kl": [
    0.007822438053573235,
    0.006302114417583559,
    0.04215676938433712,
    0.0005318566859267206
  ],
  "train_reward": [
    4.165536340317354e-05,
    4.92038543337692e-06,
    2.078512567316375e-05,
    9.031200339496316e-08
  ],
  "val_loss": [
    0.12659205447930794,
    0.11717530983415517,
    0.12283646864453693,
    0.1651070477416763
  ],
  "val_recon": [
    0.12561154409081904,
    0.11095413638206271,
    0.11419333703815937,
    0.10028998962567225
  ],
  "val_kl": [
    0.0009768084744248514,
    0.006219503301945696,
    0.008642733623213196,
    0.06481697273670466
  ],
  "val_reward": [
    1.8949092596907483e-06,
    1.4258046409448471e-06,
    3.664345747814842e-07,
    4.351115111501701e-08
  ]
}